A1,200
A2,2
A3,3
A4,4
A5,5
A6,6
A7,7
A8,8
A9,9
B1,10
B2,11
B3,12
B4,13
B5,14
B6,15
B7,16
B8,17
B9,18
B10,19
B11,20
B12,21
B13,22
B14,23
C1,24
C2,25
C3,26
C4,27
C5,28
C7,29
C8,30
C9,31
C10,32
C11,33
C12,34
C13,35
C14,36
C15,37
C16,38
C17,39
C18,40
C19,41
C20,42
D1,43
D2,44
D3,45
D4,46
D5,47
D6,48
D7,49
D8,50
D9,51
D10,52
D11,53
D12,54
D13,55
D14,56
E1,57
E2	,58
E3	,59
E4	,60
E5	,61
E6	,62
E7	,63
E8	,64
E9	,65
E10	,66
E11	,67
E12	,68
E13	,69
E14	,70
E15	,71
E16	,72
E17	,73
E18	,74
E19	,75
E20	,76
F1	,77
F2	,78
F5	,79
F6	,80
F7	,81
F8	,82
F9	,83
F10	,84
F11	,85
F12	,86
F13	,87
G1	,88
G2	,89
G3	,90
G4	,91
G5	,92
G6	,93
G7	,94
G8	,95
G9	,96
G10	,97
G11	,98
G12	,99
G13	,100
G14	,101
H1	,102
H2	,103
H3	,104
H4	,105
H5	,106
H6	,107
H7	,108
H8	,109
H9	,110
H10	,111
I1	,112
I2	,113
I3	,114
I4	,115
I5	,116
I6	,117
I7	,118
I8	,119
I9	,120
I10	,121
I11	,122
I12	,123
